﻿{"paragraphs":[{"title":"Introduction","text":"%md\nThis notebook is a simple tutorial on how to use numpy, pandas, and Spark's machine learning library to do fun stuff.","user":"admin","dateUpdated":"2017-11-09T14:04:30-0600","config":{"colWidth":12,"enabled":true,"results":{},"editorSetting":{"language":"markdown","editOnDblClick":true},"editorMode":"ace/mode/markdown","title":true,"editorHide":true,"tableHide":false},"settings":{"params":{},"forms":{}},"apps":[],"jobName":"paragraph_1510255925569_1694489231","id":"20171109-133205_1077344504","dateCreated":"2017-11-09T13:32:05-0600","dateStarted":"2017-11-09T14:04:30-0600","dateFinished":"2017-11-09T14:04:32-0600","status":"FINISHED","errorMessage":"","progressUpdateIntervalMs":500,"focus":true,"$$hashKey":"object:1692"},{"title":"Imports","text":"%pyspark\n\nimport pandas as pd\nimport numpy as np","user":"admin","dateUpdated":"2017-11-09T14:04:04-0600","config":{"colWidth":12,"enabled":true,"results":{},"editorSetting":{"language":"python","editOnDblClick":false},"editorMode":"ace/mode/python","title":true},"settings":{"params":{},"forms":{}},"apps":[],"jobName":"paragraph_1510255243163_715367343","id":"20171109-132043_872043916","dateCreated":"2017-11-09T13:20:43-0600","dateStarted":"2017-11-09T14:04:03-0600","dateFinished":"2017-11-09T14:04:03-0600","status":"FINISHED","errorMessage":"","progressUpdateIntervalMs":500,"$$hashKey":"object:1693"},{"text":"%pyspark\n\ndf = pd.read_csv('https://archive.ics.uci.edu/ml/machine-learning-databases/wine-quality/winequality-white.csv', delimiter=';')\ndf.head()","user":"admin","dateUpdated":"2017-11-09T13:25:33-0600","config":{"colWidth":12,"enabled":true,"results":{},"editorSetting":{"language":"python"},"editorMode":"ace/mode/python"},"settings":{"params":{},"forms":{}},"apps":[],"jobName":"paragraph_1510255257120_2050091925","id":"20171109-132057_845151643","dateCreated":"2017-11-09T13:20:57-0600","dateStarted":"2017-11-09T13:25:33-0600","dateFinished":"2017-11-09T13:25:34-0600","status":"FINISHED","errorMessage":"","progressUpdateIntervalMs":500,"$$hashKey":"object:1694"},{"title":"Rearrange Rows","text":"%pyspark\ndf = df[['quality', 'fixed acidity', 'volatile acidity', 'citric acid', 'residual sugar', 'chlorides', 'free sulfur dioxide', 'total sulfur dioxide', 'density', 'pH', 'sulphates', 'alcohol']]","user":"admin","dateUpdated":"2017-11-09T14:53:15-0600","config":{"colWidth":12,"enabled":true,"results":{},"editorSetting":{"language":"python"},"editorMode":"ace/mode/python","title":true},"settings":{"params":{},"forms":{}},"apps":[],"jobName":"paragraph_1510260622609_-2020735401","id":"20171109-145022_1858055191","dateCreated":"2017-11-09T14:50:22-0600","dateStarted":"2017-11-09T14:53:15-0600","dateFinished":"2017-11-09T14:53:15-0600","status":"FINISHED","errorMessage":"","progressUpdateIntervalMs":500,"$$hashKey":"object:1695"},{"text":"%pyspark\ntype(df)","user":"admin","dateUpdated":"2017-11-09T14:53:18-0600","config":{"colWidth":12,"enabled":true,"results":{},"editorSetting":{"language":"python"},"editorMode":"ace/mode/python"},"settings":{"params":{},"forms":{}},"apps":[],"jobName":"paragraph_1510258090492_534582379","id":"20171109-140810_1298767575","dateCreated":"2017-11-09T14:08:10-0600","dateStarted":"2017-11-09T14:53:18-0600","dateFinished":"2017-11-09T14:53:18-0600","status":"FINISHED","errorMessage":"","progressUpdateIntervalMs":500,"$$hashKey":"object:1696"},{"title":"Create Spark DF","text":"%pyspark\nddf = spark.createDataFrame(df)","user":"admin","dateUpdated":"2017-11-09T15:20:53-0600","config":{"colWidth":12,"enabled":true,"results":{},"editorSetting":{"language":"python"},"editorMode":"ace/mode/python","title":true},"settings":{"params":{},"forms":{}},"apps":[],"jobName":"paragraph_1510255281754_1175588324","id":"20171109-132121_1872338822","dateCreated":"2017-11-09T13:21:21-0600","dateStarted":"2017-11-09T15:20:53-0600","dateFinished":"2017-11-09T15:20:54-0600","status":"FINISHED","errorMessage":"","progressUpdateIntervalMs":500,"$$hashKey":"object:1697"},{"text":"%pyspark\ntype(ddf)","user":"admin","dateUpdated":"2017-11-09T15:20:55-0600","config":{"colWidth":12,"enabled":true,"results":{},"editorSetting":{"language":"python"},"editorMode":"ace/mode/python"},"settings":{"params":{},"forms":{}},"apps":[],"jobName":"paragraph_1510258074988_2093954347","id":"20171109-140754_1396222594","dateCreated":"2017-11-09T14:07:54-0600","dateStarted":"2017-11-09T15:20:55-0600","dateFinished":"2017-11-09T15:20:55-0600","status":"FINISHED","errorMessage":"","progressUpdateIntervalMs":500,"$$hashKey":"object:1698"},{"title":"Number of Rows","text":"%pyspark\nddf.count()","user":"admin","dateUpdated":"2017-11-09T15:20:56-0600","config":{"colWidth":12,"enabled":true,"results":{},"editorSetting":{"language":"python"},"editorMode":"ace/mode/python","title":true},"settings":{"params":{},"forms":{}},"apps":[],"jobName":"paragraph_1510259453749_-200329059","id":"20171109-143053_1622356792","dateCreated":"2017-11-09T14:30:53-0600","dateStarted":"2017-11-09T15:20:56-0600","dateFinished":"2017-11-09T15:20:56-0600","status":"FINISHED","errorMessage":"","progressUpdateIntervalMs":500,"$$hashKey":"object:1699"},{"title":"Quick Peek","text":"%pyspark\nddf.first()","user":"admin","dateUpdated":"2017-11-09T15:20:58-0600","config":{"colWidth":12,"enabled":true,"results":{},"editorSetting":{"language":"python"},"editorMode":"ace/mode/python","title":true},"settings":{"params":{},"forms":{}},"apps":[],"jobName":"paragraph_1510255689961_508972245","id":"20171109-132809_629688564","dateCreated":"2017-11-09T13:28:09-0600","dateStarted":"2017-11-09T15:20:58-0600","dateFinished":"2017-11-09T15:20:58-0600","status":"FINISHED","errorMessage":"","progressUpdateIntervalMs":500,"$$hashKey":"object:1700"},{"title":"Quick Peek 2","text":"%pyspark\nddf.take(5)","user":"admin","dateUpdated":"2017-11-09T15:21:00-0600","config":{"colWidth":12,"enabled":true,"results":{},"editorSetting":{"language":"python"},"editorMode":"ace/mode/python","title":true},"settings":{"params":{},"forms":{}},"apps":[],"jobName":"paragraph_1510255663529_-466628372","id":"20171109-132743_239942099","dateCreated":"2017-11-09T13:27:43-0600","dateStarted":"2017-11-09T15:21:00-0600","dateFinished":"2017-11-09T15:21:00-0600","status":"FINISHED","errorMessage":"","progressUpdateIntervalMs":500,"$$hashKey":"object:1701"},{"title":"Better Format","text":"%pyspark\nddf.show()","user":"admin","dateUpdated":"2017-11-09T15:21:02-0600","config":{"colWidth":12,"enabled":true,"results":{},"editorSetting":{"language":"python"},"editorMode":"ace/mode/python","title":true},"settings":{"params":{},"forms":{}},"apps":[],"jobName":"paragraph_1510258522386_-981731649","id":"20171109-141522_1465708413","dateCreated":"2017-11-09T14:15:22-0600","dateStarted":"2017-11-09T15:21:02-0600","dateFinished":"2017-11-09T15:21:02-0600","status":"FINISHED","errorMessage":"","progressUpdateIntervalMs":500,"$$hashKey":"object:1702"},{"text":"%pyspark\nddf.columns","user":"admin","dateUpdated":"2017-11-09T15:21:08-0600","config":{"colWidth":12,"enabled":true,"results":{},"editorSetting":{"language":"python"},"editorMode":"ace/mode/python"},"settings":{"params":{},"forms":{}},"apps":[],"jobName":"paragraph_1510258655977_689079582","id":"20171109-141735_398438825","dateCreated":"2017-11-09T14:17:35-0600","dateStarted":"2017-11-09T15:21:08-0600","dateFinished":"2017-11-09T15:21:08-0600","status":"FINISHED","errorMessage":"","progressUpdateIntervalMs":500,"$$hashKey":"object:1703"},{"text":"%pyspark\ntrain_data, test_data = ddf.randomSplit([.8,.2],seed=1234)","user":"admin","dateUpdated":"2017-11-09T15:21:15-0600","config":{"colWidth":12,"enabled":true,"results":{},"editorSetting":{"language":"python"},"editorMode":"ace/mode/python"},"settings":{"params":{},"forms":{}},"apps":[],"jobName":"paragraph_1510258850889_-421449118","id":"20171109-142050_1844692829","dateCreated":"2017-11-09T14:20:50-0600","dateStarted":"2017-11-09T15:21:15-0600","dateFinished":"2017-11-09T15:21:15-0600","status":"FINISHED","errorMessage":"","progressUpdateIntervalMs":500,"$$hashKey":"object:1704"},{"text":"%pyspark\nprint('train:', train_data.count())\nprint('test:', test_data.count())","user":"admin","dateUpdated":"2017-11-09T15:21:17-0600","config":{"colWidth":12,"enabled":true,"results":{},"editorSetting":{"language":"python"},"editorMode":"ace/mode/python"},"settings":{"params":{},"forms":{}},"apps":[],"jobName":"paragraph_1510259459848_159811236","id":"20171109-143059_355393844","dateCreated":"2017-11-09T14:30:59-0600","dateStarted":"2017-11-09T15:21:17-0600","dateFinished":"2017-11-09T15:21:17-0600","status":"FINISHED","errorMessage":"","progressUpdateIntervalMs":500,"$$hashKey":"object:1705"},{"text":"%pyspark\nfrom pyspark.ml.feature import VectorAssembler\nfeature_assembler = VectorAssembler(\n    inputCols=['fixed acidity', 'volatile acidity', 'citric acid', 'residual sugar', 'chlorides', 'free sulfur dioxide', 'total sulfur dioxide', 'density', 'pH', 'sulphates', 'alcohol'],\n    outputCol='features')","user":"admin","dateUpdated":"2017-11-09T15:29:54-0600","config":{"colWidth":12,"enabled":true,"results":{},"editorSetting":{"language":"python"},"editorMode":"ace/mode/python"},"settings":{"params":{},"forms":{}},"apps":[],"jobName":"paragraph_1510259638946_984372457","id":"20171109-143358_1110597847","dateCreated":"2017-11-09T14:33:58-0600","dateStarted":"2017-11-09T15:29:54-0600","dateFinished":"2017-11-09T15:29:54-0600","status":"FINISHED","errorMessage":"","progressUpdateIntervalMs":500,"$$hashKey":"object:1706"},{"text":"%pyspark\ntrain.take(1)","user":"admin","dateUpdated":"2017-11-09T15:29:58-0600","config":{"colWidth":12,"enabled":true,"results":{},"editorSetting":{"language":"python"},"editorMode":"ace/mode/python"},"settings":{"params":{},"forms":{}},"apps":[],"jobName":"paragraph_1510262666092_1835562309","id":"20171109-152426_2092064614","dateCreated":"2017-11-09T15:24:26-0600","dateStarted":"2017-11-09T15:29:58-0600","dateFinished":"2017-11-09T15:29:58-0600","status":"FINISHED","errorMessage":"","progressUpdateIntervalMs":500,"$$hashKey":"object:1707"},{"text":"%pyspark\nfrom pyspark.ml.classification import LogisticRegression\nlr = LogisticRegression(regParam=0.1, elasticNetParam=1.0, labelCol='quality', family=\"multinomial\")\nlr_model = lr.fit(train)","user":"admin","dateUpdated":"2017-11-09T15:35:53-0600","config":{"colWidth":12,"enabled":true,"results":{},"editorSetting":{"language":"python"},"editorMode":"ace/mode/python"},"settings":{"params":{},"forms":{}},"apps":[],"jobName":"paragraph_1510261136989_1594497724","id":"20171109-145856_1022628746","dateCreated":"2017-11-09T14:58:56-0600","dateStarted":"2017-11-09T15:35:53-0600","dateFinished":"2017-11-09T15:35:59-0600","status":"FINISHED","errorMessage":"","progressUpdateIntervalMs":500,"$$hashKey":"object:1708"},{"text":"%pyspark\nprint(\"Multinomial coefficients:\\n \" + str(lr_model.coefficientMatrix))\nprint(\"Multinomial intercepts:\\n \" + str(lr_model.interceptVector))\n","user":"admin","dateUpdated":"2017-11-09T15:36:40-0600","config":{"colWidth":12,"enabled":true,"results":{},"editorSetting":{"language":"python"},"editorMode":"ace/mode/python"},"settings":{"params":{},"forms":{}},"apps":[],"jobName":"paragraph_1510262678601_-2031148813","id":"20171109-152438_1562383421","dateCreated":"2017-11-09T15:24:38-0600","dateStarted":"2017-11-09T15:36:40-0600","dateFinished":"2017-11-09T15:36:40-0600","status":"FINISHED","errorMessage":"","progressUpdateIntervalMs":500,"$$hashKey":"object:1709"},{"text":"%pyspark\n","user":"admin","dateUpdated":"2017-11-09T15:33:22-0600","config":{"colWidth":12,"enabled":true,"results":{},"editorSetting":{"language":"python"},"editorMode":"ace/mode/python"},"settings":{"params":{},"forms":{}},"apps":[],"jobName":"paragraph_1510263202433_2105064972","id":"20171109-153322_151101125","dateCreated":"2017-11-09T15:33:22-0600","status":"READY","errorMessage":"","progressUpdateIntervalMs":500,"$$hashKey":"object:1710"}],"name":"Machine Learning","id":"2CYTR3UEA","angularObjects":{"2CJRPMHPD:shared_process":[],"2CJSHBYC6:shared_process":[],"2CKSW7BWY:shared_process":[],"2CGWQ9B37:shared_process":[],"2CGR5K95Z:shared_process":[],"2CK2ZPKQ4:shared_process":[],"2CJJMSU71:shared_process":[],"2CGZPE6U6:shared_process":[],"2CG9T16R1:shared_process":[],"2CG86WNKX:shared_process":[],"2CKE7UE12:shared_process":[],"2CGJYANVS:shared_process":[],"2CJSRKFPY:shared_process":[],"2CHBR99H6:shared_process":[],"2CFTTN2E2:shared_process":[],"2CGADMUUE:shared_process":[],"2CKJKMCM2:shared_process":[],"2CKS133YC:shared_process":[],"2CHMME5HT:shared_process":[]},"config":{"looknfeel":"default","personalizedMode":"false"},"info":{}}